"spa-30-00002684-n", "cosa", "2", "Una entidad tangible y visible; una entidad que puede moldear una sombra.", "n", "spa", "Femenino", "------",
"spa-30-00002684-n", "objeto", "1", "Una entidad tangible y visible; una entidad que puede moldear una sombra.", "n", "spa", "Masculino", "------",
"spa-30-00003553-n", "conjunto", "2", "Un conjunto de partes que se considera como una sola entidad.", "n", "spa", "Masculino", "------",
"spa-30-00004258-n", "ser", "4", "Una entidad viva.", "n", "spa", "NULL", "------",
"spa-30-00004475-n", "ser", "2", "Un ser vivo que tiene (o puede desarrollar) la capacidad de actuar o funcionar de manera independiente.", "n", "spa", "Masculino", "------",
"spa-30-00006269-n", "vida", "12", "Cosas vivas en su conjunto.", "n", "spa", "Femenino", "------",
"spa-30-00007347-n", "causa", "5", "Una entidad que produce o causa algo.", "n", "spa", "Femenino", "------",
"spa-30-00007846-n", "alguien", "1", "Un ser humano.", "n", "spa", "NULL", "------",
"spa-30-00007846-n", "humano", "1", "Un ser humano.", "n", "spa", "NULL", "------",
"spa-30-00007846-n", "persona", "1", "Un ser humano.", "n", "spa", "Femenino", "------",
"spa-30-00020827-n", "materia", "4", "Lo que tiene masa y ocupa espacio.", "n", "spa", "Femenino", "------",
"spa-30-00022903-n", "artículo", "3", "Uno de una clase de artefactos.", "n", "spa", "Masculino", "------",
"spa-30-00023271-n", "conocimiento", "1", "El resultado psicológico de la percepción.", "n", "spa", "Masculino", "------",
"spa-30-00023271-n", "saber", "1", "El resultado psicológico de la percepción.", "n", "spa", "Masculino", "------",
"spa-30-00024720-n", "estado", "1", "La forma en que algo se presenta con relación a sus principales atributos.", "n", "spa", "Masculino", "------",
"spa-30-00027167-n", "lugar", "2", "En un punto o extensión del espacio.", "n", "spa", "Masculino", "------",
"spa-30-00027807-n", "forma", "6", "La disposición espacial de algo, distinta de su sustancia.", "n", "spa", "Femenino", "------",
"spa-30-00028270-n", "tiempo", "2", "El continuo de la experiencia en que los eventos pasan del futuro al presente y al pasado.", "n", "spa", "Masculino", "------",
"spa-30-00028651-n", "espacio", "6", "El espacio infinito en el que se ubica todo.", "n", "spa", "Masculino", "------",
"spa-30-00029677-n", "proceso", "4", "Un fenómeno sostenido o uno que se caracteriza por cambios graduales a lo largo de una serie de estados.", "n", "spa", "Masculino", "------",
"spa-30-00030358-n", "acción", "5", "Algo que la gente realiza o hace que suceda.", "n", "spa", "Femenino", "------",
"spa-30-00030358-n", "acto", "2", "Algo que la gente realiza o hace que suceda.", "n", "spa", "Masculino", "------",
"spa-30-00031264-n", "grupo", "1", "Conjunto de entidades que forman una unidad.", "n", "spa", "Masculino", "------",
"spa-30-00031921-n", "relación", "1", "Una abstracción que pertenece a o es característica de dos entidades o partes juntas.", "n", "spa", "NULL", "------",
"spa-30-00033020-n", "comunicación", "1", "Algo que se comunica por o a o entre personas o grupos.", "n", "spa", "Femenino", "------",
"spa-30-00033615-n", "cantidad", "2", "Cuánto hay o cuántos hay de algo que se puede cuantificar.", "n", "spa", "Femenino", "------",
"spa-30-00033615-n", "medida", "4", "Cuánto hay o cuántos hay de algo que se puede cuantificar.", "n", "spa", "Femenino", "------",
"spa-30-00034479-n", "cosa", "6", "Una acción.", "n", "spa", "Femenino", "------",
"spa-30-00037200-n", "haber", "2", "Usado en la expresión en su haber con el fin de indicar un logro digno de alabanza.", "n", "spa", "NULL", "------",
"spa-30-00037396-n", "acción", "1", "Algo realizado (por lo general en oposición a algo dicho).", "n", "spa", "Femenino", "------",
"spa-30-00037396-n", "acto", "1", "Algo realizado (por lo general en oposición a algo dicho).", "n", "spa", "Masculino", "------",
"spa-30-00037396-n", "hecho", "1", "Algo realizado (por lo general en oposición a algo dicho).", "n", "spa", "Masculino", "------",
"spa-30-00042757-n", "salida", "1", "El acto de partirse.", "n", "spa", "NULL", "------",
"spa-30-00043116-n", "valor", "17", "Realización de actos valientes y heroicos.", "n", "spa", "NULL", "------",
"spa-30-00049003-n", "entrada", "2", "El acto de entrar.", "n", "spa", "Femenino", "------",
"spa-30-00049789-n", "entrada", "26", "El acto de entrar.", "n", "spa", "Femenino", "------",
"spa-30-00051192-n", "vuelta", "11", "Una llegada o regreso a casa.", "n", "spa", "Femenino", "------",
"spa-30-00057657-n", "marcha", "10", "['El desembarco de un barco desde el puerto', 'Explicación: La frase original se refiere a la partida de un barco desde un puerto, por lo que la traducción al español es el desembarco de un barco desde el puerto', 'Sin embargo, en inglés, departure también puede referirse a la salida de una persona o una institución', 'En ese caso, la traducción al español sería la partida de una persona/institución.']", "n", "spa", "NULL", "------",
"spa-30-00057657-n", "salida", "12", "El partida de un barco desde el puerto.", "n", "spa", "Femenino", "------",
"spa-30-07176804-n", "acuerdo", "9", "Concurrencia de opinión.", "n", "spa", "Masculino", "------",
"spa-30-00058519-n", "salida", "7", "La acción de salir.", "n", "spa", "Femenino", "------",
"spa-30-00063652-n", "éxito", "2", "Un logro exitoso.", "n", "spa", "Masculino", "------",
"spa-30-00064504-n", "éxito", "7", "Acierto notorio.", "n", "spa", "Masculino", "------",
"spa-30-00067153-n", "nada", "4", "Fracaso completo.", "n", "spa", "NULL", "------",
"spa-30-00068170-n", "cambio", "14", "Victoria improbable e inesperada.", "n", "spa", "Masculino", "------",
"spa-30-00070965-n", "falta", "3", "Una acción equivocada atribuible a un juicio malo o ignorancia o falta de atención.", "n", "spa", "Femenino", "------",
"spa-30-00085219-n", "embargo", "2", "La adquisición legítima de algo a través del proceso legal.", "n", "spa", "Masculino", "------",
"spa-30-00085829-n", "embargo", "4", "La confiscación y el mantenimiento de propiedades como garantía para el pago de una deuda o la satisfacción de una reclamación.", "n", "spa", "NULL", "------",
"spa-30-00098625-n", "servicio", "10", "Realización de los deberes de un camarero o sirviente.", "n", "spa", "NULL", "------",
"spa-30-00103834-n", "fuerza", "12", "El acto de aplicar fuerza para impulsar algo.", "n", "spa", "Femenino", "------",
"spa-30-00113113-n", "prensa", "1", "La acción de prender; el esfuerzo de presión.", "n", "spa", "Femenino", "------",
"spa-30-00128091-n", "personal", "4", "Una pelota golpeada con el bate de manera que no quede entre las líneas laterales (las líneas de foul) que definen la anchura del campo de juego.", "n", "spa", "NULL", "------",
"spa-30-00129527-n", "fuera", "1", "En béisbol, un fracaso por parte del bateador o corredor en llegar a una base de manera segura.", "n", "spa", "NULL", "------",
"spa-30-00137534-n", "libre", "1", "(fútbol) un tiro de meta permitido por una falta o infracción cometida por el otro equipo.", "n", "spa", "NULL", "------",
"spa-30-00143626-n", "mirada", "4", "Examen o inspección rápida y superficial.", "n", "spa", "Femenino", "------",
"spa-30-00146856-n", "unión", "8", "La unión o el proceso de unirse como uno.", "n", "spa", "NULL", "------",
"spa-30-00147187-n", "encuentro", "5", "En un encuentro casual con una persona o cosa.", "n", "spa", "Masculino", "------",
"spa-30-00153809-n", "solución", "5", "Hallazgo de una solución a un problema.", "n", "spa", "Femenino", "------",
"spa-30-00155487-n", "posición", "12", "Especificación de la situación de algo.", "n", "spa", "Femenino", "------",
"spa-30-00162632-n", "decisión", "2", "La decisión de tomar una determinada decisión sobre algo.", "n", "spa", "Femenino", "------",
"spa-30-00164801-n", "decisión", "8", "Determinación tomada por un árbitro o juez deportivo.", "n", "spa", "Femenino", "------",
"spa-30-00165942-n", "paso", "15", "El acto de decidirse a hacer algo.", "n", "spa", "Masculino", "------",
"spa-30-00166355-n", "movimiento", "8", "El movimiento de una pieza del ajedrez.", "n", "spa", "Masculino", "------",
"spa-30-00172710-n", "camino", "1", "¿cómo se obtiene un resultado o se logra un fin?.", "n", "spa", "NULL", "------",
"spa-30-00172710-n", "forma", "5", "¿cómo se obtiene un resultado o se logra un fin?.", "n", "spa", "NULL", "------",
"spa-30-00172710-n", "manera", "2", "¿cómo se obtiene un resultado o se logra un fin?.", "n", "spa", "NULL", "------",
"spa-30-00172710-n", "modo", "2", "¿cómo se obtiene un resultado o se logra un fin?.", "n", "spa", "NULL", "------",
"spa-30-00174412-n", "decisión", "7", "Cualquier acción tomada como parte del proceso hacia un objetivo.", "n", "spa", "NULL", "------",
"spa-30-00174412-n", "medida", "9", "Cualquier acción tomada como parte del proceso hacia un objetivo.", "n", "spa", "NULL", "------",
"spa-30-00174412-n", "medidas", "2", "Cualquier acción tomada como parte del proceso hacia un objetivo.", "n", "spa", "NULL", "------",
"spa-30-00186634-n", "punto", "10", "La acción de anotar puntos en un juego o deporte.", "n", "spa", "NULL", "------",
"spa-30-00186634-n", "tanto", "1", "La acción de anotar puntos en un juego o deporte.", "n", "spa", "NULL", "------",
"spa-30-00187337-n", "tanto", "2", "Intento afortunado de marcar.", "n", "spa", "Masculino", "------",
"spa-30-00189565-n", "carrera", "5", "Anotación en béisbol realizada por un corredor alcanzando todas las bases con éxito.", "n", "spa", "Femenino", "------",
"spa-30-00189565-n", "cuenta", "5", "Anotación en béisbol realizada por un corredor alcanzando todas las bases con éxito.", "n", "spa", "Femenino", "------",
"spa-30-00191142-n", "cambio", "3", "La acción de cambiar algo.", "n", "spa", "Masculino", "------",
"spa-30-00196084-n", "cambio", "7", "La acción de cambiar algo o posición por otra.", "n", "spa", "Masculino", "------",
"spa-30-00201058-n", "paso", "2", "El acto de pasar de un estado o lugar a otro.", "n", "spa", "NULL", "------",
"spa-30-00210797-n", "final", "13", "Última parte de cualquier función.", "n", "spa", "NULL", "------",
"spa-30-00219012-n", "muerte", "2", "La acción de acabar con la vida.", "n", "spa", "Femenino", "------",
"spa-30-00229260-n", "fin", "6", "Finalización de una actividad.", "n", "spa", "NULL", "------",
"spa-30-00235435-n", "principio", "5", "El acto de iniciar algo.", "n", "spa", "Masculino", "------",
"spa-30-00237078-n", "formación", "3", "La acción de crear o establecer algo.", "n", "spa", "Femenino", "------",
"spa-30-00237869-n", "creación", "5", "(teología) el acto de dios de crear el universo.", "n", "spa", "Femenino", "------",
"spa-30-00240184-n", "creación", "3", "El acto de empezar algo por primera vez; introduciendo algo nuevo.", "n", "spa", "Femenino", "------",
"spa-30-00250259-n", "desarrollo", "5", "Acto de mejorar a través de la expansión o ampliación o refinamiento.", "n", "spa", "Masculino", "------",
"spa-30-00266806-n", "solución", "2", "Acto de poner algo en marcha otra vez.", "n", "spa", "Femenino", "------",
"spa-30-00279835-n", "movimiento", "3", "El acto de cambiar de ubicación desde un lugar a otro.", "n", "spa", "Masculino", "------",
"spa-30-00281132-n", "entrada", "5", "La acción de acercarse o entrar.", "n", "spa", "Femenino", "------",
"spa-30-00281898-n", "vuelta", "7", "Acercamiento fallido que da lugar a otro intento.", "n", "spa", "NULL", "------",
"spa-30-00282613-n", "carrera", "8", "La traducción exacta al español de esa frase sería: el progreso general de tu vida laboral o profesional.", "n", "spa", "Femenino", "------",
"spa-30-00282840-n", "marcha", "11", "Un avance constante.", "n", "spa", "Femenino", "------",
"spa-30-00283127-n", "viaje", "4", "Movimiento por autopropulsión.", "n", "spa", "Masculino", "------",
"spa-30-00284101-n", "vuelta", "3", "A paseo lento (normalmente en algún lugar público).", "n", "spa", "Femenino", "------",
"spa-30-00285557-n", "paso", "9", "El acto de cambiar de ubicación alzando el pie y colocándolo de nuevo.", "n", "spa", "NULL", "------",
"spa-30-00285889-n", "paso", "8", "Un paso en caminar o correr.", "n", "spa", "Masculino", "------",
"spa-30-00290579-n", "marcha", "3", "El acto de caminar en fila; caminar con pasos regulares (en particular en un desfile o procesión).", "n", "spa", "Femenino", "------",
"spa-30-00292599-n", "vuelta", "13", "Tomando un corto paseo hacia afuera y de vuelta.", "n", "spa", "Femenino", "------",
"spa-30-00293916-n", "carrera", "7", "La acción de correr; viajar a pie a un ritmo rápido.", "n", "spa", "NULL", "------",
"spa-30-00295172-n", "vuelta", "5", "Movimiento una vez alrededor de un circuito.", "n", "spa", "Femenino", "------",
"spa-30-00306426-n", "viaje", "1", "El acto de viajar desde un lugar a otro.", "n", "spa", "Masculino", "------",
"spa-30-00308370-n", "viaje", "2", "Un viaje para algún propósito (generalmente incluyendo el regreso).", "n", "spa", "Masculino", "------",
"spa-30-00309011-n", "vuelta", "15", "Un corto viaje.", "n", "spa", "Femenino", "------",
"spa-30-00310201-n", "salida", "8", "Acto de apartarse del curso principal de un viaje.", "n", "spa", "NULL", "------",
"spa-30-00311809-n", "salida", "3", "Viaje que se realiza por gusto.", "n", "spa", "NULL", "------",
"spa-30-00312266-n", "vuelta", "8", "Excursión corta ( andando o en un medio de transporte ) al aire libre.", "n", "spa", "Femenino", "------",
"spa-30-00312553-n", "viaje", "6", "Un viaje a algún lugar lejano.", "n", "spa", "Masculino", "------",
"spa-30-00312691-n", "camino", "8", "Recorrido o senda.", "n", "spa", "Masculino", "------",
"spa-30-00331950-n", "movimiento", "1", "Un cambio de posición que no implica un cambio de ubicación.", "n", "spa", "NULL", "------",
"spa-30-00342755-n", "vuelta", "6", "Acto de rotar en un círculo o espiral.", "n", "spa", "NULL", "------",
"spa-30-00345454-n", "vuelta", "9", "Girando o volviendo hacia atrás (en su lugar).", "n", "spa", "Femenino", "------",
"spa-30-00345641-n", "vuelta", "10", "La acción de enrollar o doblar.", "n", "spa", "Femenino", "------",
"spa-30-00346532-n", "vuelta", "17", "La acción de volverse hacia atrás o en dirección opuesta.", "n", "spa", "Femenino", "------",
"spa-30-00356367-n", "consumo", "3", "El acto de consumir algo.", "n", "spa", "Masculino", "------",
"spa-30-00356516-n", "consumo", "4", "Cantidad de combustible usado ( como por ejemplo por un reactor nuclear ).", "n", "spa", "Masculino", "------",
"spa-30-13266892-n", "ayuda", "6", "Cualquier ayuda monetaria.", "n", "spa", "NULL", "------",
"spa-30-00363260-n", "aumento", "6", "El acto de aumentar algo.", "n", "spa", "NULL", "------",
"spa-30-00363260-n", "crecimiento", "4", "El acto de aumentar algo.", "n", "spa", "NULL", "------",
"spa-30-00367427-n", "aumento", "12", "La acción de aumentar el tamaño aparente de algo.", "n", "spa", "Masculino", "------",
"spa-30-00381680-n", "unión", "4", "La acción de hacer o convertirse en una unidad única.", "n", "spa", "Femenino", "------",
"spa-30-00382474-n", "reunión", "5", "La reunión o el acto de volver a juntarse.", "n", "spa", "Femenino", "------",
"spa-30-00403092-n", "mal", "4", "La acción de dañar algo o alguien.", "n", "spa", "NULL", "------",
"spa-30-00407535-n", "actividad", "2", "Cualquier comportamiento específico.", "n", "spa", "Femenino", "------",
"spa-30-00410247-n", "práctica", "1", "De manera habitual en la operación o comportamiento.", "n", "spa", "Femenino", "------",
"spa-30-00411048-n", "práctica", "4", "Traducir una idea en acción.", "n", "spa", "Femenino", "------",
"spa-30-00413239-n", "uso", "2", "Práctica aceptada o habitual.", "n", "spa", "Masculino", "------",
"spa-30-00415226-n", "manera", "5", "Práctica característica o habitual.", "n", "spa", "Femenino", "------",
"spa-30-00415676-n", "camino", "5", "Manera de comportarse.", "n", "spa", "NULL", "------",
"spa-30-00415676-n", "vida", "2", "Manera de comportarse.", "n", "spa", "Femenino", "------",
"spa-30-00415676-n", "vía", "4", "Manera de comportarse.", "n", "spa", "Femenino", "------",
"spa-30-00430140-n", "juego", "4", "La acción de jugar por apuestas con la esperanza de ganar (incluyendo el pago de una tarifa para obtener la oportunidad de ganar un premio).", "n", "spa", "Masculino", "------",
"spa-30-00430606-n", "juego", "2", "Diversión o pasatiempo.", "n", "spa", "Masculino", "------",
"spa-30-00440039-n", "carrera", "10", "La acción de participar en un evento deportivo que implica correr en una pista.", "n", "spa", "Femenino", "------",
"spa-30-00446493-n", "lucha", "9", "Partido de boxeo.", "n", "spa", "Femenino", "------",
"spa-30-00447540-n", "lucha", "4", "El deporte de la lucha mano a mano entre los combatientes desarmados que intentan derribar a sus oponentes.", "n", "spa", "Femenino", "------",
"spa-30-00455599-n", "juego", "1", "Un concurso con reglas que determinan un ganador.", "n", "spa", "Masculino", "------",
"spa-30-00456199-n", "juego", "3", "Una sola jugada de un deporte o otro concurso.", "n", "spa", "NULL", "------",
"spa-30-00457228-n", "entrada", "12", "La vuelta de bateo de un jugador o equipo de críquet.", "n", "spa", "Femenino", "------",
"spa-30-00468480-n", "fútbol", "1", "Cualquiera de varios juegos que se juegan con una pelota (redonda o elíptica), en los que dos equipos intentan lanzar, transportar o empujar la pelota hacia el golpeador del otro equipo.", "n", "spa", "Masculino", "------",
"spa-30-00478262-n", "fútbol", "2", "A un partido de fútbol en el que dos equipos de once jugadores intentan anotar goles al equipo contrario al gol de sus rivales.", "n", "spa", "NULL", "------",
"spa-30-00520257-n", "muestra", "2", "Acto de exhibir o entretener públicamente.", "n", "spa", "Femenino", "------",
"spa-30-00521085-n", "muestra", "11", "A visible display se traduce como una exhibición visible.", "n", "spa", "Femenino", "------",
"spa-30-00543233-n", "música", "2", "Actividad musical (cantar o silbar, por ejemplo).", "n", "spa", "Femenino", "------",
"spa-30-00546389-n", "son", "3", "Acto de cantar.", "n", "spa", "NULL", "------",
"spa-30-00551407-n", "programa", "13", "Entretenimiento ofrecido durante una presentación pública.", "n", "spa", "Masculino", "------",
"spa-30-00555138-n", "movimiento", "10", "Movimiento rápido y enérgico.", "n", "spa", "Masculino", "------",
"spa-30-00556992-n", "figura", "15", "Una serie preestablecida de movimientos en la danza o el patinaje.", "n", "spa", "Femenino", "------",
"spa-30-00568430-n", "servicio", "8", "Un golpe que pone la pelota en juego (en tenis o golf).", "n", "spa", "NULL", "------",
"spa-30-00575741-n", "trabajo", "8", "Actividad orientada a hacer o hacer algo.", "n", "spa", "Masculino", "------",
"spa-30-00576877-n", "trabajo", "11", "Realización de una tarea.", "n", "spa", "Masculino", "------",
"spa-30-00577525-n", "servicio", "1", "Trabajo realizado por una persona o grupo que beneficia a otra.", "n", "spa", "Masculino", "------",
"spa-30-00581241-n", "trabajo", "13", "Trabajo que una persona se espera que haga en un tiempo específico.", "n", "spa", "Masculino", "------",
"spa-30-00584367-n", "trabajo", "4", "La ocupación por la que eres pagado.", "n", "spa", "NULL", "------",
"spa-30-00584769-n", "cargo", "7", "La responsabilidad de hacer algo.", "n", "spa", "Masculino", "------",
"spa-30-00584769-n", "trabajo", "12", "La responsabilidad de hacer algo.", "n", "spa", "Masculino", "------",
"spa-30-00584891-n", "servicio", "3", "Empleo o trabajo para otra persona.", "n", "spa", "Masculino", "------",
"spa-30-00585174-n", "servicios", "1", "Realización de tareas o proporcionamiento de espacio y equipo útiles para otros.", "n", "spa", "NULL", "------",
"spa-30-00585810-n", "ministro", "3", "El trabajo del jefe de un departamento gubernamental.", "n", "spa", "Masculino", "------",
"spa-30-00586262-n", "cargo", "1", "Un trabajo en una organización.", "n", "spa", "NULL", "------",
"spa-30-00586262-n", "posición", "1", "Un trabajo en una organización.", "n", "spa", "NULL", "------",
"spa-30-00586262-n", "puesto", "1", "Un trabajo en una organización.", "n", "spa", "NULL", "------",
"spa-30-00591858-n", "dirección", "15", "La posición de un director de una empresa.", "n", "spa", "Femenino", "------",
"spa-30-00597629-n", "dirección", "18", "Cargo de director.", "n", "spa", "Femenino", "------",
"spa-30-00604523-n", "administración", "8", "La posición de mayordomo.", "n", "spa", "Femenino", "------",
"spa-30-00611143-n", "derecho", "4", "La profesión aprendida por el estudio universitario de grado en una escuela de derecho y responsable del sistema judicial.", "n", "spa", "Masculino", "------",
"spa-30-00611433-n", "educación", "5", "Profesión de enseñar ( sobre todo en una escuela.", "n", "spa", "Femenino", "------",
"spa-30-00611972-n", "política", "5", "La profesión dedicada a gobernar y a los asuntos políticos.", "n", "spa", "Femenino", "------",
"spa-30-00620752-n", "trabajo", "5", "Trabajo productivo (en particular, trabajo físico realizado a cambio de salario).", "n", "spa", "NULL", "------",
"spa-30-00622068-n", "lucha", "7", "Esfuerzo agotador.", "n", "spa", "Femenino", "------",
"spa-30-00623862-n", "problema", "9", "Un esfuerzo que es incomodo.", "n", "spa", "Masculino", "------",
"spa-30-00631378-n", "práctica", "3", "Ejercicio de una profesión.", "n", "spa", "Femenino", "------",
"spa-30-00633864-n", "investigación", "3", "Trabajo de indagar sobre algo minuciosa y sistemáticamente.", "n", "spa", "Femenino", "------",
"spa-30-00634276-n", "análisis", "2", "Investigación de las partes componentes de un conjunto y de sus vínculos en la composición del todo.", "n", "spa", "Masculino", "------",
"spa-30-00634586-n", "cuenta", "6", "El acto de contar; recitando los números en orden creciente.", "n", "spa", "Femenino", "------",
"spa-30-00635850-n", "análisis", "1", "El acto de examinar algo con atención detallada (por ejemplo, buscando errores).", "n", "spa", "Masculino", "------",
"spa-30-00636461-n", "prueba", "9", "El acto de dar a los estudiantes o candidatos un examen (a través de preguntas) para determinar lo que saben o han aprendido.", "n", "spa", "NULL", "------",
"spa-30-00636728-n", "investigación", "7", "Una investigación sistemática sobre un asunto de interés público.", "n", "spa", "Femenino", "------",
"spa-30-00636921-n", "investigación", "1", "Investigación sistemática para establecer los hechos.", "n", "spa", "Femenino", "------",
"spa-30-00644503-n", "estudio", "2", "Una inspección crítica detallada.", "n", "spa", "NULL", "------",
"spa-30-00654885-n", "atención", "1", "Trabajo de cuidar o atender a alguien o algo.", "n", "spa", "Femenino", "------",
"spa-30-00654885-n", "ayuda", "1", "Trabajo de cuidar o atender a alguien o algo.", "n", "spa", "NULL", "------",
"spa-30-00658082-n", "tratamiento", "1", "El cuidado proporcionado para mejorar una situación (en particular, las procedimientos médicos o las aplicaciones destinadas a aliviar la enfermedad o la lesión).", "n", "spa", "Masculino", "------",
"spa-30-00694681-n", "justicia", "3", "Un juicio implicado en la determinación de los derechos y la asignación de compensaciones y castigos.", "n", "spa", "Femenino", "------",
"spa-30-00694866-n", "administración", "12", "El acto de impartir justicia conforme a la ley.", "n", "spa", "Femenino", "------",
"spa-30-00694866-n", "justicia", "4", "El acto de impartir justicia conforme a la ley.", "n", "spa", "Femenino", "------",
"spa-30-00712225-n", "mano", "3", "Trabajo de aplicar algo.", "n", "spa", "Femenino", "------",
"spa-30-00719705-n", "trabajo", "3", "Una pieza específica de trabajo que debe realizarse como un deber o por una tarifa específica.", "n", "spa", "Masculino", "------",
"spa-30-00720565-n", "función", "4", "Las acciones y actividades asignadas o requeridas o esperadas a una persona o grupo.", "n", "spa", "NULL", "------",
"spa-30-00720565-n", "papel", "4", "Las acciones y actividades asignadas o requeridas o esperadas a una persona o grupo.", "n", "spa", "NULL", "------",
"spa-30-00721431-n", "lugar", "12", "El cargo o puesto que se ocupa o desempeña normalmente por otra persona.", "n", "spa", "NULL", "------",
"spa-30-00721431-n", "posición", "9", "El cargo o puesto que se ocupa o desempeña habitualmente por otra persona.", "n", "spa", "Femenino", "------",
"spa-30-00721431-n", "puesto", "4", "El cargo o puesto que se ocupa o desempeña normalmente por otra persona.", "n", "spa", "Masculino", "------",
"spa-30-00722479-n", "posición", "7", "(en los deportes de equipo) el papel asignado a un jugador individual.", "n", "spa", "Femenino", "------",
"spa-30-00725673-n", "defensa", "14", "A posición en un equipo de baloncesto.", "n", "spa", "Femenino", "------",
"spa-30-00728464-n", "centro", "9", "La posición en un equipo de hockey del jugador que participa en el arranque del juego.", "n", "spa", "Masculino", "------",
"spa-30-00728849-n", "proyecto", "5", "Una tarea escolar que requiere un gran esfuerzo.", "n", "spa", "Masculino", "------",
"spa-30-00728849-n", "trabajo", "10", "Una tarea escolar que requiere un gran esfuerzo.", "n", "spa", "Masculino", "------",
"spa-30-00735936-n", "falta", "4", "Conducta impropia, maldita o inmoral.", "n", "spa", "Femenino", "------",
"spa-30-00752954-n", "arte", "5", "El uso de trucos para engañar a alguien (generalmente con el objetivo de extorsionarlos).", "n", "spa", "NULL", "------",
"spa-30-00770270-n", "falta", "6", "Un delito menos grave que un delito mayor.", "n", "spa", "Femenino", "------",
"spa-30-00773235-n", "comisión", "4", "Acción de cometer un crimen.", "n", "spa", "Femenino", "------",
"spa-30-00785959-n", "prueba", "14", "Una empresa en algo nuevo o diferente.", "n", "spa", "Femenino", "------",
"spa-30-00787061-n", "prueba", "19", "Intento que normalmente es de duración breve.", "n", "spa", "NULL", "------",
"spa-30-00787061-n", "vuelta", "16", "Intento que normalmente es de duración breve.", "n", "spa", "Femenino", "------",
"spa-30-00787465-n", "participación", "6", "La parte que juega una persona en conseguir un resultado.", "n", "spa", "Femenino", "------",
"spa-30-00788973-n", "lucha", "5", "Enérgico intento de conseguir algo.", "n", "spa", "Femenino", "------",
"spa-30-00791078-n", "prueba", "8", "El acto de probar algo.", "n", "spa", "Femenino", "------",
"spa-30-00794367-n", "prueba", "15", "El acto de someterse a pruebas.", "n", "spa", "Femenino", "------",
"spa-30-00794614-n", "prueba", "12", "Examen para comprobar la idoneidad de un artista.", "n", "spa", "Femenino", "------",
"spa-30-00795008-n", "prueba", "18", "Poniendo ropa para ver si encajan.", "n", "spa", "Femenino", "------",
"spa-30-00795720-n", "empresa", "3", "Cualquier trabajo que se realice o se intenta.", "n", "spa", "Femenino", "------",
"spa-30-00795720-n", "proyecto", "1", "Cualquier trabajo que se realice o se intenta.", "n", "spa", "Masculino", "------",
"spa-30-00796886-n", "empresa", "5", "Una empresa o esfuerzo consciente y decidido (en particular, uno que requiere esfuerzo o valentía).", "n", "spa", "Femenino", "------",
"spa-30-00798245-n", "campaña", "2", "Una serie de acciones que avanzan un principio o tienden hacia un fin específico.", "n", "spa", "Femenino", "------",
"spa-30-00798245-n", "movimiento", "5", "Una serie de acciones que avanzan un principio o tienden hacia un fin específico.", "n", "spa", "Masculino", "------",
"spa-30-00802238-n", "riesgo", "2", "Aventura que se emprende sin considerar las pérdidas o daños posibles.", "n", "spa", "NULL", "------",
"spa-30-00803617-n", "control", "4", "La actividad de administrar o ejercer el control sobre algo.", "n", "spa", "Masculino", "------",
"spa-30-00815173-n", "gobierno", "4", "La acción de guiar un barco.", "n", "spa", "NULL", "------",
"spa-30-00815320-n", "dirección", "13", "La acción de establecer y mantener un rumbo.", "n", "spa", "Femenino", "------",
"spa-30-00823750-n", "defensa", "3", "Protección ante daños.", "n", "spa", "Femenino", "------",
"spa-30-00830257-n", "uso", "5", "El acto de tener en tu persona como cubierta o adorno.", "n", "spa", "Masculino", "------",
"spa-30-00830448-n", "control", "10", "(fisiología) regulación o mantenimiento de una función o acción o reflejo, etc.", "n", "spa", "Masculino", "------",
"spa-30-00838098-n", "consumo", "1", "El proceso de introducir alimentos en el cuerpo a través de la boca (por ejemplo, al comer).", "n", "spa", "Masculino", "------",
"spa-30-00839597-n", "aire", "10", "Una reacción refleja que expulsa el gas intestinal a través del ano.", "n", "spa", "NULL", "------",
"spa-30-00858188-n", "sueño", "8", "Suspensión del estado de conciencia y disminución en la tasa de metabolismo.", "n", "spa", "Masculino", "------",
"spa-30-00859001-n", "respuesta", "1", "Un proceso corporal que ocurre debido al efecto de algún estímulo o agente anterior.", "n", "spa", "Femenino", "------",
"spa-30-00865600-n", "paso", "10", "Una reacción corporal de cambio desde un lugar o etapa a otra.", "n", "spa", "NULL", "------",
"spa-30-00873381-n", "construcción", "7", "Dibujo de una figura que satisface ciertas condiciones como parte de la resolución de un problema o de la comprobación de un teorema.", "n", "spa", "Femenino", "------",
"spa-30-00877127-n", "mirada", "1", "El acto de dirigir los ojos hacia algo y percibirlo visualmente.", "n", "spa", "Femenino", "------",
"spa-30-00878456-n", "mirada", "2", "Un mirado fijo con los ojos abiertos muy ampliamente.", "n", "spa", "Femenino", "------",
"spa-30-00878648-n", "mirada", "3", "Un largo mirar fijo.", "n", "spa", "Femenino", "------",
"spa-30-00883297-n", "educación", "1", "Las actividades de enseñanza o instrucción; actividades que imparten conocimiento o habilidad.", "n", "spa", "Femenino", "------",
"spa-30-00884466-n", "clase", "4", "Educación impartida en una serie de clases o reuniones.", "n", "spa", "NULL", "------",
"spa-30-00886456-n", "teatro", "6", "Participación en producciones teatrales como una actividad extracurricular.", "n", "spa", "NULL", "------",
"spa-30-00887081-n", "educación", "2", "Profesión de un docente.", "n", "spa", "Femenino", "------",
"spa-30-00889472-n", "clase", "8", "Una unidad de enseñanza.", "n", "spa", "Femenino", "------",
"spa-30-00892861-n", "clase", "7", "Enseñar explicando un tema (generalmente a una clase).", "n", "spa", "Femenino", "------",
"spa-30-00893955-n", "formación", "1", "Actividad que lleva a comportamiento habilidoso.", "n", "spa", "NULL", "------",
"spa-30-00894552-n", "práctica", "2", "Entrenamiento sistemático por múltiples repeticiones.", "n", "spa", "Femenino", "------",
"spa-30-00908492-n", "creación", "2", "La acción humana de crear.", "n", "spa", "Femenino", "------",
"spa-30-00909471-n", "punto", "17", "Creando ropa tejida.", "n", "spa", "NULL", "------",
"spa-30-00911048-n", "construcción", "4", "Acto de construir o edificar algo.", "n", "spa", "Femenino", "------",
"spa-30-00912001-n", "construcción", "8", "La acción de construir algo (como una máquina).", "n", "spa", "Femenino", "------",
"spa-30-00913705-n", "producción", "3", "La industria o la minería o el cultivo de algo (a menudo en grandes cantidades) para su venta.", "n", "spa", "Femenino", "------",
"spa-30-00914795-n", "capacidad", "12", "Máxima producción posible.", "n", "spa", "Femenino", "------",
"spa-30-00923444-n", "industria", "2", "La acción organizada de fabricación y venta de bienes y servicios.", "n", "spa", "Femenino", "------",
"spa-30-00925207-n", "formación", "7", "La acción de crear algo en una forma específica.", "n", "spa", "Femenino", "------",
"spa-30-00933420-n", "arte", "1", "La creación de cosas hermosas o significativas.", "n", "spa", "Masculino", "------",
"spa-30-00947128-n", "uso", "3", "El acto de usar.", "n", "spa", "Masculino", "------",
"spa-30-00947596-n", "obra", "8", "Utilización o ejercicio.", "n", "spa", "NULL", "------",
